<?xml version="1.0" encoding="UTF-8"?>
<!DOCTYPE configuration>
<configuration>
    <appender name="STDOUT" class="ch.qos.logback.core.ConsoleAppender">
        <layout class="ch.qos.logback.classic.PatternLayout">
            <Pattern>%d{HH:mm:ss.SSS} [%-5level] [%thread] [%logger{36}] - %m%n</Pattern>
        </layout>
    </appender>

    <!--name은 패키지명-->
    <logger name="study" level="DEBUG"/>

    <root level="INFO">
        <appender-ref ref="STDOUT"/>
    </root>
</configuration>