<?xml version="1.0" encoding="UTF-8"?>
<!DOCTYPE mapper PUBLIC "-//mybatis.org//DTD Mapper 3.0//EN" "mybatis-3-mapper.dtd">

<mapper namespace="com.mrc.db.mapper.MemberMapper">
	<select id="getMemberList"
		parameterType="com.mrc.db.dto.member.member_cond"
		resultType="com.mrc.db.dto.member.t_member">
		select *
		from t_member
		<where>
			<if test="member_code != null ">
				and member_code LIKE ${member_code}
			</if>
			<if test="member_id != null and member_id != '' ">
				and member_id = '${member_id}'
			</if>
			<if test="member_pw != null and member_pw != '' ">
				and member_pw = '${member_pw}'
			</if>
			<if test="member_name != null and member_name != '' ">
				and member_name LIKE CONCAT('%', #{member_name}, '%')
			</if>
		</where>
	</select>

	<insert id="memberSave" parameterType="com.mrc.db.dto.member.t_member" >
		INSERT INTO t_member
		(member_id, member_name, member_pw, insert_code, insert_date, update_code, update_date)
		values(  #{member_id},  #{member_name},  #{member_pw},  #{update_code},  #{update_date}, #{update_code}, localtime())
		 ON DUPLICATE KEY UPDATE 
		    member_id   = #{member_id}
		  , member_name = #{member_name}
		  , member_pw   = #{member_pw}
		  , update_code = #{update_code}
		  , update_date = localtime();
	</insert>



	<delete id="remove" parameterType="com.mrc.db.dto.member.t_member">
		delete from t_member
		<where>
			<if test="MEMBER_CODE != null ">
				and member_code like #{member_code}
			</if>
			<if test="MEMBER_ID != null and MEMBER_ID != '' ">
				and member_id = #{member_id}
			</if>
		</where>
   </delete>



	<update id="update" parameterType="com.mrc.db.dto.member.t_member">

		update T_MEMBER

		set MEMBER_ID = #{MEMBER_ID}
		   ,MEMBER_NAME = #{MEMBER_NAME}
		   ,MEMBER_PW = #{MEMBER_PW}

		where MEMBER_CODE = #{MEMBER_CODE}

	</update>


</mapper>